{"cpu":0, "memory":26.37770106124536504200, "disk":8}
{"cpu":0, "memory":26.36491497250990921800, "disk":8}
{"cpu":0, "memory":26.37770106124536504200, "disk":8}
{"cpu":0, "memory":26.37770106124536504200, "disk":8}
{"cpu":0, "memory":26.37770106124536504200, "disk":8}
{"cpu":0, "memory":26.36491497250990921800, "disk":8}
